{"initial_reset_timestamp": 1652566948.67785, "timestamps": [1652566952.0956109], "episode_lengths": [1016], "episode_rewards": [-21.0], "episode_types": ["t"]}